ITNEIU211622,Darren Snyder,2004-07-12,alexisnelson@example.com,IT,NE
ENENIU211386,Martin Nunez,2002-03-16,robertsonkaitlyn@example.net,EN,EN
ITCSIU211240,Christina Hodge,2003-12-29,brianbuckley@example.org,IT,CS
CECMIU211087,Eileen Cole,2003-05-12,stricklandkimberly@example.org,CE,CM
ITCSIU19511,Jerry Snyder,2005-01-20,randypope@example.net,IT,CS
ITCSIU201466,Tracie Craig,2003-09-18,sward@example.net,IT,CS
BTARIU211248,Gregory Fernandez,2004-08-23,megan37@example.net,BT,AR
CECMIU201845,Sara Gomez,2003-11-28,ireed@example.com,CE,CM
ENENIU21762,Jessica Mitchell,2003-01-15,terrence76@example.com,EN,EN
CECEIU191894,Tyler Mitchell,2004-05-11,gvelasquez@example.org,CE,CE
EEACIU221907,Brittany Glover,2004-01-02,thamilton@example.com,EE,AC
BTARIU22747,Barbara Webb,2001-03-26,hpatterson@example.com,BT,AR
CECMIU21556,Ian Flores,2004-05-15,pmoore@example.com,CE,CM
PHSEIU20914,Zachary Dunn,2002-11-17,alivingston@example.net,PH,SE
ITNEIU21300,Raymond Neal,2002-11-27,alisonmendoza@example.com,IT,NE
EEEEIU201963,Mary Fisher,2004-08-16,shahbetty@example.net,EE,EE
EEACIU191145,Amber Cook,2004-12-21,tmack@example.net,EE,AC
CECMIU22974,Christian Wilkins,2002-03-22,sandraanderson@example.net,CE,CM
BAMKIU19546,Dana Marshall,2003-09-13,adambrewer@example.org,BA,MK
CECEIU19969,Ryan Landry,2002-09-19,jessicahernandez@example.com,CE,CE
PHSEIU191475,Jason Smith,2003-02-17,ethomas@example.com,PH,SE
ENENIU211998,Laurie Lloyd,2002-01-04,herreramartin@example.com,EN,EN
BAMKIU20863,Elaine Flores,2004-12-18,shaneortega@example.org,BA,MK
BAIBIU191421,Maria Giles,2005-02-12,krystalray@example.com,BA,IB
ITNEIU19782,Ariana Allison,2002-02-20,richardsonpatricia@example.org,IT,NE
EEEEIU221911,Sarah Bailey,2002-07-25,michelleberger@example.org,EE,EE
IEIEIU211193,Mark Li,2002-10-13,antoniofisher@example.org,IE,IE
BAHMIU191137,Gabrielle Donaldson,2004-11-20,rebecca59@example.net,BA,HM
BABAIU201863,Stephen Mann,2003-03-07,richardrobert@example.com,BA,BA
IEIEIU20612,Thomas Campbell,2001-11-11,wkent@example.org,IE,IE
IELSIU21147,William Sheppard,2002-04-25,whitneymanning@example.net,IE,LS
BAMKIU221409,Chad Smith,2003-11-06,christopher19@example.com,BA,MK
EEEEIU19808,Brandy Castaneda,2003-12-29,uwest@example.org,EE,EE
BTFTIU20735,Maria Malone,2004-11-11,dawsonbrittany@example.org,BT,FT
BTFTIU201999,Andrew Cook,2003-02-22,reginacharles@example.net,BT,FT
ENENIU191505,Robert Potts,2005-02-04,andrewpeters@example.net,EN,EN
BTARIU22438,Casey Vazquez,2003-07-14,samanthahogan@example.com,BT,AR
BTARIU20141,Perry Hunter,2003-01-18,timothy99@example.org,BT,AR
BTBTIU19792,Joshua Summers,2002-10-10,francisco00@example.org,BT,BT
ENENIU21927,Leslie Kennedy,2002-05-16,hernandezstephen@example.org,EN,EN
BTFTIU211670,Danielle Turner,2004-11-06,adelacruz@example.net,BT,FT
CECMIU19550,Wanda Anderson,2002-10-04,iking@example.com,CE,CM
CECEIU20246,Rebecca Werner,2001-10-01,linda65@example.net,CE,CE
BAIBIU201507,Natalie Dalton,2001-09-23,cassandrajones@example.org,BA,IB
ITCSIU221148,Tyler Parker,2003-09-16,uchristian@example.org,IT,CS
CECMIU201027,Jeffrey Chambers,2004-09-23,shanesalas@example.com,CE,CM
ITCSIU211486,Rachel Nelson,2001-04-06,donald64@example.org,IT,CS
IEIEIU221880,Joshua Harris,2001-04-09,ogomez@example.org,IE,IE
EEEEIU20300,Kevin Zavala,2003-11-08,frankmartinez@example.net,EE,EE
BAHMIU191618,Kathleen Walter,2004-09-03,rodriguezkeith@example.org,BA,HM
BTARIU201122,Ricardo Oliver,2004-03-25,andrewpatterson@example.org,BT,AR
ITDSIU211247,Todd Coleman,2002-01-15,langnicole@example.com,IT,DS
BTBTIU21154,Jeffrey Walters,2003-08-31,omitchell@example.org,BT,BT
IEIEIU20278,Brittany Howard,2002-09-14,mcgrathjeffrey@example.net,IE,IE
BTFTIU22873,Kathleen Esparza,2003-08-06,nperkins@example.net,BT,FT
ITCSIU201072,Julie Salazar,2004-01-01,tdavis@example.net,IT,CS
BTBTIU221564,Kirsten Jones,2001-11-05,icarrillo@example.org,BT,BT
BTARIU191514,Kellie Owen,2004-09-15,dmurray@example.net,BT,AR
IEIEIU22771,Michael Cunningham,2004-01-01,thomasanderson@example.net,IE,IE
BAIBIU22918,Joan Lee,2002-11-14,peternicholson@example.org,BA,IB
CECEIU19971,Eric Harrison,2002-12-10,spencerstevens@example.org,CE,CE
CECMIU19971,Gregory Morrow,2001-06-22,amyyates@example.org,CE,CM
IELSIU191131,Denise Mckinney,2004-11-27,deborah33@example.com,IE,LS
ITCEIU221635,Dawn Pace,2003-03-01,michaelwest@example.net,IT,CE
EEACIU19460,Debra Hayden,2003-06-24,roykelly@example.net,EE,AC
ITCEIU211907,Peter Lopez,2004-01-29,mckenziemichelle@example.net,IT,CE
CECEIU21652,Marcus Williams,2002-08-08,nwilkins@example.com,CE,CE
BTARIU21477,Kevin Harrell,2001-08-01,breannaanderson@example.com,BT,AR
IEIEIU22265,Gregory Hall,2002-06-09,xcowan@example.net,IE,IE
CECMIU201797,George Murillo,2002-05-11,michaelcooper@example.org,CE,CM
ENENIU201591,Alyssa Watson,2001-03-22,amy87@example.net,EN,EN
BTFTIU201969,Kristen Mendoza,2004-05-13,nevans@example.net,BT,FT
ENENIU19430,Jeffery David,2001-04-09,petersonsean@example.com,EN,EN
EEEEIU20345,Angela Walsh,2005-02-10,kristabell@example.com,EE,EE
CECEIU221342,Courtney Meyers,2002-01-19,carolynbarr@example.org,CE,CE
BTFTIU20949,Jennifer Wood,2003-11-07,marc56@example.net,BT,FT
ENENIU19341,Maria Jackson,2001-10-11,acostaeileen@example.org,EN,EN
EEACIU201116,Steven Meyer,2003-08-09,dorothygonzalez@example.org,EE,AC
BTFTIU201183,David Miller,2004-02-24,carlaharris@example.com,BT,FT
CECEIU201983,Marissa Charles,2003-02-17,kmartinez@example.com,CE,CE
BAMKIU20834,Derek Rodriguez,2004-04-09,ssalinas@example.com,BA,MK
ITDSIU201546,Curtis Turner,2005-02-08,christopher46@example.org,IT,DS
PHSEIU19465,Raymond Williams,2004-10-17,charlesaguilar@example.com,PH,SE
ENENIU20699,Mary Gilbert,2004-05-02,cjackson@example.com,EN,EN
PHSEIU221592,David Pierce,2004-09-03,wrightmargaret@example.com,PH,SE
BTBTIU19988,Scott Frazier,2002-07-17,shawamanda@example.com,BT,BT
EEEEIU201646,Russell Patterson,2003-07-25,phillipsamber@example.org,EE,EE
CECEIU201966,Angela Ramirez,2003-11-27,williamroberts@example.com,CE,CE
IELSIU22796,Todd Wilkinson,2003-01-30,charles29@example.org,IE,LS
CECMIU211609,Allen Rivera,2003-02-17,curtis94@example.net,CE,CM
BTBTIU211191,Patrick Villanueva,2001-07-10,shannonbrian@example.com,BT,BT
IELSIU21228,Meghan Brooks,2001-05-13,hortonphillip@example.org,IE,LS
ITNEIU19779,Anne Kent,2001-05-27,gonzalezscott@example.net,IT,NE
PHSEIU19741,Larry Brewer,2002-07-07,traceyhays@example.org,PH,SE
BTBTIU191625,Lisa Matthews,2003-03-01,kmoore@example.org,BT,BT
EEACIU20303,Adriana Price,2004-04-28,grayluke@example.net,EE,AC
PHSEIU221021,Wendy Barker,2002-02-13,michael95@example.com,PH,SE
ITDSIU22501,Tammy Bowen,2001-03-26,gwright@example.com,IT,DS
IEIEIU21134,Bryan Thompson,2003-05-02,lindamitchell@example.org,IE,IE
ENENIU221783,Danielle Brown,2001-07-28,bryantkrystal@example.net,EN,EN
ENENIU211168,Marvin Johnson,2001-12-31,dmorrison@example.net,EN,EN
CECEIU19280,Michael Perez,2001-10-24,donna77@example.org,CE,CE
PHSEIU22470,Sarah Robles,2001-10-01,catherine33@example.org,PH,SE
EEEEIU221829,Felicia Aguirre,2003-06-06,josephbell@example.com,EE,EE
IELSIU22467,Michael Rios,2004-03-24,kelly50@example.org,IE,LS
IEIEIU211307,Caleb Reed,2004-08-19,srodriguez@example.org,IE,IE
EEEEIU20153,Lindsey Daniel,2003-01-07,jamesmiller@example.net,EE,EE
IEIEIU201513,Brooke Jackson,2004-11-06,ymendoza@example.com,IE,IE
ITCSIU19181,John Perez,2004-08-20,debra45@example.net,IT,CS
EEEEIU21363,Michael Castaneda,2001-09-30,perryrobert@example.net,EE,EE
BTFTIU221236,Terry Harris,2004-11-12,hughesmark@example.net,BT,FT
PHSEIU22552,Anthony Lewis,2002-04-06,kyliepotts@example.com,PH,SE
ITCEIU21658,James Edwards,2001-12-19,rachaelphillips@example.net,IT,CE
ENENIU191720,Sara Pace,2001-06-09,glennjustin@example.org,EN,EN
ITCEIU21718,Benjamin Ramos,2003-03-22,lindaanderson@example.net,IT,CE
ITNEIU22256,Kimberly Cook,2004-05-07,samanthaoliver@example.com,IT,NE
ENENIU211104,Mark West,2004-10-03,jesseperez@example.net,EN,EN
PHSEIU201254,Mark Schultz,2003-03-18,asolomon@example.com,PH,SE
ITNEIU211888,Alison Mendoza,2003-01-25,ewilliams@example.org,IT,NE
ITCEIU22224,Patrick Davis,2004-05-02,lsullivan@example.net,IT,CE
EEACIU201318,Kimberly Griffin,2004-07-18,robinsonlisa@example.com,EE,AC
IEIEIU22272,Sonia Johnson,2002-12-26,jenniferjohnson@example.com,IE,IE
EEACIU221821,Kari Atkinson,2004-06-26,eddie44@example.net,EE,AC
PHSEIU221225,Emma Bennett,2003-11-20,brianmoreno@example.com,PH,SE
CECEIU20180,April Acosta,2003-06-06,gregory93@example.com,CE,CE
EEACIU191088,Brenda Nelson,2004-08-10,zvaldez@example.org,EE,AC
EEEEIU221390,Timothy Shaffer,2004-02-19,rhonda52@example.com,EE,EE
BAHMIU191180,Shawn Adams,2004-04-14,jeremyrodriguez@example.org,BA,HM
BTARIU221387,Samantha Lopez,2004-07-11,zavalajose@example.org,BT,AR
IEIEIU20911,Sarah Thornton,2004-08-22,ehoover@example.net,IE,IE
BAIBIU201513,Angie Moore,2003-11-18,erinhorton@example.net,BA,IB
IELSIU191570,Miguel Schroeder,2003-12-12,stewarteric@example.org,IE,LS
EEACIU21427,Rebecca Welch,2005-02-01,jamesknapp@example.com,EE,AC
CECEIU22424,Maxwell Perkins,2003-02-19,cwilkins@example.org,CE,CE
PHSEIU19511,Karen Hudson,2001-03-24,jacobruiz@example.com,PH,SE
PHSEIU20906,Gilbert Vega,2004-07-22,dannyjones@example.org,PH,SE
EEEEIU211846,Jeffrey Estrada,2003-09-24,vaughndiamond@example.net,EE,EE
BTFTIU221776,Thomas Sampson,2001-08-19,gregory48@example.org,BT,FT
ENENIU211994,Daniel Hanna,2004-03-13,rachelcampos@example.com,EN,EN
ITDSIU22538,Stacy Green,2003-08-23,brianwatts@example.net,IT,DS
EEEEIU211796,Anthony Wright,2002-10-26,oodom@example.com,EE,EE
ITCSIU21324,Laura Davis,2002-09-30,becky40@example.com,IT,CS
ITDSIU19796,Allison Burns,2002-09-17,jay54@example.com,IT,DS
BAMKIU221912,Harold Mendoza,2003-12-10,hermanmichael@example.com,BA,MK
EEEEIU22306,Patrick Carey,2002-10-12,wrightsteven@example.net,EE,EE
BTBTIU221433,Paula Giles,2004-04-28,chriswashington@example.org,BT,BT
ENENIU21866,Marcus Jordan,2002-12-16,zgonzalez@example.com,EN,EN
BABAIU20416,Kayla Lopez,2002-02-01,alyssagray@example.org,BA,BA
CECMIU211617,Paula Powell,2001-03-21,bianca27@example.org,CE,CM
CECEIU221354,Carol Cameron,2004-01-31,lisa88@example.com,CE,CE
CECEIU221892,David Watson,2004-07-02,martinallen@example.com,CE,CE
PHSEIU191618,Rebecca Moore,2001-07-13,rebecca84@example.com,PH,SE
PHSEIU221840,Jacob Graves,2001-11-15,johnsonrobin@example.net,PH,SE
BAIBIU19536,Stacey Green,2002-05-22,michaelcarey@example.net,BA,IB
ITDSIU21225,Cody Holland,2003-01-15,todd67@example.org,IT,DS
PHSEIU191286,Kenneth Reed,2001-07-14,lukegalvan@example.org,PH,SE
BAHMIU221929,Elizabeth Delgado,2001-02-28,loridiaz@example.com,BA,HM
ITNEIU201852,Nancy Lopez,2003-05-17,hendersonvanessa@example.net,IT,NE
CECMIU19516,Brenda Hall,2002-11-29,johnstonsandra@example.net,CE,CM
EEACIU20714,Jeffery Williams,2003-05-22,jnorman@example.net,EE,AC
ITDSIU201715,Paul Cole,2004-09-17,jason95@example.com,IT,DS
BTBTIU21125,Christopher Rush,2002-04-02,richardsonmelvin@example.org,BT,BT
ENENIU221404,Alex Edwards,2002-03-30,jessica22@example.com,EN,EN
ENENIU221086,Sherri Robinson,2001-09-09,bennettbarbara@example.com,EN,EN
BAIBIU191583,Russell Baker,2002-02-20,bradleyriggs@example.com,BA,IB
ITNEIU22924,Tammy Nelson,2003-02-26,darren76@example.com,IT,NE
EEEEIU19523,Nicholas Watson,2004-02-20,mclark@example.com,EE,EE
CECMIU19841,Anthony Donaldson,2001-03-02,vanessahall@example.org,CE,CM
IELSIU19312,Christian May,2004-12-23,zachary50@example.net,IE,LS
BTARIU201345,John Frost,2001-03-05,ijones@example.org,BT,AR
PHSEIU221997,Michael Johnson,2002-06-11,michaelhorton@example.com,PH,SE
EEEEIU221393,Austin Davis,2002-10-28,lewismichael@example.net,EE,EE
BAMKIU21461,Katelyn Stevenson,2002-05-03,kgoodwin@example.net,BA,MK
CECMIU191273,Mark Johnson,2005-01-20,carolinegarza@example.org,CE,CM
EEACIU19704,Jennifer Mcdowell,2004-02-05,staffordjason@example.org,EE,AC
ITNEIU211480,Thomas Rice,2004-04-19,sean81@example.net,IT,NE
IELSIU211832,Patricia Craig,2001-06-29,thomas69@example.net,IE,LS
BTBTIU22474,Gregory Jackson,2001-09-15,robert78@example.com,BT,BT
CECMIU21489,Allison Gray,2002-07-13,irodriguez@example.com,CE,CM
PHSEIU22182,Vanessa Silva,2004-02-19,serranoanthony@example.com,PH,SE
ITNEIU201426,Cynthia Diaz,2002-08-03,anthony38@example.org,IT,NE
CECEIU221374,Vanessa Rodriguez,2003-01-20,hugheskimberly@example.net,CE,CE
PHSEIU211649,Savannah Jones,2003-06-12,amandastewart@example.com,PH,SE
BABAIU211088,Steven Hall,2002-04-20,olivermichelle@example.com,BA,BA
BTBTIU201749,Michaela Mitchell,2004-11-17,nlewis@example.net,BT,BT
ENENIU22776,Barbara Vargas,2004-01-19,andreamclean@example.com,EN,EN
EEACIU19551,William Evans,2002-04-20,zestrada@example.net,EE,AC
CECEIU21568,Scott Black,2001-07-05,alandry@example.com,CE,CE
BABAIU221061,Lisa Robinson,2004-10-07,stewartdaniel@example.com,BA,BA
IELSIU191784,Stacy Anderson,2001-10-30,gonzalezamanda@example.com,IE,LS
PHSEIU211291,Kimberly Prince,2002-04-14,dana86@example.com,PH,SE
BAMKIU221630,Hannah Carpenter,2004-01-11,pbanks@example.com,BA,MK
BTBTIU201133,Richard Carr,2001-11-19,vanessadavid@example.org,BT,BT
ENENIU20577,Lauren Wilson,2004-09-30,erin94@example.net,EN,EN
PHSEIU20370,Eric Cox,2002-04-09,michaeljackson@example.org,PH,SE
BTFTIU20629,Christopher Pitts,2001-11-17,nbeck@example.com,BT,FT
EEACIU21866,James Rios,2001-09-21,chungjames@example.net,EE,AC
EEACIU19812,David Miller,2003-04-16,achavez@example.net,EE,AC
BABAIU20931,Brittany Oliver,2003-01-18,amanda00@example.net,BA,BA
BABAIU221741,Arthur Chavez,2004-01-14,framirez@example.org,BA,BA
BAHMIU20215,Jacqueline Chambers,2004-07-25,clarkejennifer@example.org,BA,HM
ENENIU221557,Jessica Blevins,2004-01-01,stephen49@example.net,EN,EN
BTARIU21808,Rebecca Guerrero,2001-07-17,salazarjoseph@example.net,BT,AR
ITNEIU211763,Nathaniel Perry,2003-08-08,rsandoval@example.com,IT,NE
EEEEIU201101,Kimberly Rodriguez,2004-03-12,oburch@example.org,EE,EE
IELSIU201211,Michael Davis,2004-09-25,erogers@example.net,IE,LS
PHSEIU221350,Sean Flores,2002-01-26,kkoch@example.org,PH,SE
IEIEIU211766,Joshua Myers,2004-12-12,kgarcia@example.org,IE,IE
EEACIU19672,Melvin Maldonado,2002-02-08,jonathonelliott@example.com,EE,AC
EEACIU221010,Vickie Bishop,2002-12-08,kimberly59@example.org,EE,AC
ITCEIU19662,Kendra Washington,2003-09-09,portermeredith@example.com,IT,CE
BTFTIU19349,Norman Lopez,2001-11-02,gmejia@example.net,BT,FT
ITCSIU22510,Eric Holmes,2002-04-05,george14@example.com,IT,CS
EEACIU201529,John Campos,2002-09-02,jacobking@example.com,EE,AC
CECEIU22357,Maria Snyder,2001-05-17,christopherterrell@example.com,CE,CE
PHSEIU221359,Christopher Mathis,2005-01-24,caleb60@example.com,PH,SE
EEEEIU191087,Kenneth Nguyen,2003-04-26,farmerjason@example.com,EE,EE
CECMIU201592,Joseph Lopez,2001-09-05,jerrythompson@example.net,CE,CM
ENENIU20788,Jonathon Love,2001-10-23,oliverteresa@example.com,EN,EN
PHSEIU191012,Julie Evans,2002-08-21,blackjesse@example.net,PH,SE
BAIBIU211319,Yvette Sharp,2002-11-30,sarahparker@example.net,BA,IB
ITNEIU221033,Benjamin Davis,2003-08-17,hudsonmonica@example.org,IT,NE
PHSEIU21548,Ronald Gates,2002-06-12,debbie59@example.net,PH,SE
BAIBIU221040,Tiffany Mills,2003-08-18,jeremywilliams@example.net,BA,IB
BTARIU191032,Margaret Arnold,2001-10-18,jameswebb@example.com,BT,AR
IELSIU19359,Lisa Terry,2002-01-30,marissa18@example.org,IE,LS
ENENIU191480,Joshua Spears,2001-05-13,kellywashington@example.org,EN,EN
ITDSIU20116,Ann Wheeler,2003-06-27,arielmorrison@example.org,IT,DS
EEACIU22633,Ronald Freeman,2002-09-27,michelle16@example.com,EE,AC
BAIBIU20923,Amy Buck,2001-09-01,joshualane@example.net,BA,IB
ITNEIU22228,John Mcgee,2004-10-03,julianmoore@example.com,IT,NE
BAMKIU211150,Tracy Gray,2004-03-29,lwilliams@example.net,BA,MK
CECEIU201557,Colin Clark,2004-06-30,florestara@example.org,CE,CE
BAMKIU20964,Donna Hoffman,2005-01-17,allenwalker@example.org,BA,MK
CECMIU201398,Joseph Davila,2003-06-14,eric30@example.org,CE,CM
ENENIU19921,Linda Taylor,2001-10-21,norman55@example.org,EN,EN
ITDSIU211003,Catherine Norman,2003-02-13,vroberts@example.org,IT,DS
IELSIU22378,Scott Harris,2004-01-02,douglasmason@example.com,IE,LS
BABAIU20551,Steven Herrera,2004-05-17,mark76@example.net,BA,BA
BTBTIU211115,Tim King,2001-12-05,vellis@example.com,BT,BT
ITCEIU22795,Thomas Wilson,2004-07-10,paulaanderson@example.com,IT,CE
ENENIU191137,Timothy Brown,2004-01-12,floreslaura@example.org,EN,EN
CECMIU20867,Kelly Moore,2002-05-30,melendezstephanie@example.org,CE,CM
ITDSIU21638,Holly Walker,2001-08-30,pauljohn@example.com,IT,DS
BAHMIU211882,Melinda Stone,2001-11-13,sheliaturner@example.net,BA,HM
BAIBIU201781,Antonio Bailey,2004-02-25,collinsjennifer@example.org,BA,IB
CECMIU22935,Samuel Martin,2004-04-28,floreschris@example.net,CE,CM
BTARIU221663,Jason Bryant,2004-11-26,rachel73@example.com,BT,AR
BTFTIU22875,Anthony Morris,2003-06-02,rodriguezerin@example.net,BT,FT
EEACIU221817,Joseph Brandt,2001-05-15,ramosjeffrey@example.org,EE,AC
ENENIU191013,Jennifer Martin,2001-08-04,johnsonjeremy@example.com,EN,EN
BTBTIU22429,Hannah Burgess,2005-01-06,ysimpson@example.org,BT,BT
PHSEIU20655,Emily Espinoza,2003-02-18,christopher98@example.org,PH,SE
ENENIU19534,Anthony Alvarado,2001-06-10,christopherhenderson@example.com,EN,EN
PHSEIU19675,Scott Cruz,2002-10-15,qlee@example.com,PH,SE
CECEIU22138,Angela Lee,2004-09-15,mhobbs@example.com,CE,CE
CECEIU21217,Kelsey Carter,2001-04-27,chanadam@example.org,CE,CE
CECEIU221547,Gabriela Terry,2003-01-27,andrewsmith@example.org,CE,CE
ENENIU20276,Jason Robinson,2003-06-10,fostercassie@example.org,EN,EN
BAIBIU19541,William Griffin,2004-01-23,vstanley@example.net,BA,IB
PHSEIU20166,Hailey Nelson,2001-07-22,smithstephen@example.com,PH,SE
BTBTIU191950,Brenda Yang,2002-01-06,bsmith@example.com,BT,BT
CECMIU20960,Larry Browning,2002-05-30,christophersims@example.com,CE,CM
ENENIU21247,Michael Adams,2002-01-02,morgansarah@example.com,EN,EN
BTBTIU191298,Joseph Freeman,2002-01-17,daniel65@example.com,BT,BT
PHSEIU211582,Destiny Wall,2002-08-09,andrea72@example.net,PH,SE
PHSEIU201732,Mary Mcdonald,2003-03-29,watsonsherry@example.net,PH,SE
EEACIU20921,Daniel Walker,2001-09-29,angela27@example.net,EE,AC
BAHMIU20922,Douglas Simmons,2003-10-17,kcasey@example.org,BA,HM
EEACIU221053,Timothy Adams,2002-12-20,brucesmith@example.net,EE,AC
BAHMIU191622,Ryan Tran,2001-09-05,kellygarcia@example.org,BA,HM
EEEEIU201692,Sarah Burns,2002-05-09,taylorlaura@example.org,EE,EE
PHSEIU201657,Tracey Evans,2002-10-02,normancheyenne@example.org,PH,SE
IEIEIU221846,Robert Ferguson,2002-07-05,rogerroberts@example.net,IE,IE
EEACIU211052,Allison Burke,2003-07-02,kenneth86@example.org,EE,AC
IELSIU21281,Mary Williams,2002-03-17,cookbrenda@example.org,IE,LS
ITNEIU20717,Eric Rogers,2003-09-28,uboyd@example.org,IT,NE
EEEEIU201431,Brian Gonzales,2003-12-20,amyaguilar@example.net,EE,EE
PHSEIU19173,Norma Martin,2005-01-05,michaelbrown@example.net,PH,SE
CECEIU221547,Jessica Gardner,2004-06-14,ann37@example.org,CE,CE
IEIEIU191937,Frank Duncan,2002-01-10,eingram@example.org,IE,IE
IEIEIU20893,Logan Roman,2002-08-14,pameladavis@example.com,IE,IE
PHSEIU20612,Jessica Anderson,2004-08-25,zwilliams@example.com,PH,SE
IELSIU22905,Nicole Hunter,2004-05-24,larry78@example.net,IE,LS
CECMIU22471,Janice Davis,2003-06-25,bethanyharrison@example.com,CE,CM
BAIBIU21956,Susan Rivera,2004-06-29,alvin05@example.org,BA,IB
IELSIU21715,Deborah Lopez,2001-03-22,watkinssarah@example.net,IE,LS
EEEEIU191375,Kaitlyn Montoya,2001-09-12,amber24@example.org,EE,EE
PHSEIU221702,Lacey Wood,2001-04-07,denise13@example.net,PH,SE
ENENIU21242,Kyle Ashley,2001-11-24,douglasmelton@example.net,EN,EN
CECEIU22269,Erik Hayes,2003-07-14,williamsjulie@example.net,CE,CE
ITDSIU201997,Karen Hamilton,2004-04-13,brittany55@example.org,IT,DS
BTFTIU201189,Eric Smith,2002-07-11,dennissusan@example.org,BT,FT
CECMIU201958,Tasha Alvarez,2001-11-19,rogerwagner@example.net,CE,CM
BAHMIU19684,Jillian Cline,2004-01-08,smithelizabeth@example.com,BA,HM
EEACIU191782,Joseph Stephenson,2001-07-10,maria83@example.com,EE,AC
BTFTIU211748,Joy Solis,2004-04-15,bjones@example.org,BT,FT
BAIBIU201905,Elizabeth Roach,2001-07-24,ljenkins@example.net,BA,IB
ITDSIU201019,Jesse Huang,2004-08-16,stanleyfry@example.com,IT,DS
PHSEIU21667,Larry Stevenson,2004-06-25,hunterguzman@example.com,PH,SE
ENENIU21743,Ashley Weiss,2002-08-14,george49@example.org,EN,EN
BABAIU201701,Stacey Charles,2003-04-19,carolyn79@example.org,BA,BA
BTARIU191263,Joshua Johnson,2002-09-08,johnsglenn@example.org,BT,AR
CECMIU20475,Jennifer Lynch,2001-07-17,christopher86@example.net,CE,CM
ENENIU211224,Tracy Gates,2003-05-12,lauriediaz@example.com,EN,EN
ENENIU21544,Sarah Martinez,2004-12-26,thomas43@example.net,EN,EN
EEEEIU192000,Carlos Larson,2004-08-23,pbennett@example.org,EE,EE
IELSIU21681,Janice Giles,2001-10-08,hansonroger@example.org,IE,LS
IEIEIU19822,Christine Goodman,2004-04-11,livingstonolivia@example.com,IE,IE
CECMIU21774,Elaine Colon,2003-01-19,scottmiller@example.org,CE,CM
IELSIU191532,Ryan Nixon,2002-10-11,sarahwhitney@example.com,IE,LS
BABAIU201662,Julia Jones,2003-01-07,zingram@example.org,BA,BA
ENENIU201324,Gabriella Williams,2003-12-29,justin19@example.com,EN,EN
CECEIU211418,Caroline Stewart,2003-11-27,stephanieharmon@example.com,CE,CE
EEEEIU22340,Leslie Garcia,2002-06-20,cruzemily@example.net,EE,EE
CECEIU211718,Maria Sanchez,2004-11-03,staffordmichael@example.com,CE,CE
ENENIU191182,Monica Crawford,2004-05-31,sierra12@example.org,EN,EN
ITNEIU191134,Jessica Freeman,2004-06-27,eleonard@example.org,IT,NE
BAMKIU20792,Samuel Smith,2002-03-29,catherine17@example.com,BA,MK
BABAIU22565,Michael Elliott,2004-07-04,teresa89@example.com,BA,BA
IELSIU221939,Paige Davis,2004-11-08,vanessawu@example.com,IE,LS
CECEIU191714,Ashley Jenkins,2002-03-18,melissafisher@example.com,CE,CE
ITDSIU21604,Anthony Cruz,2001-12-01,byrdanthony@example.net,IT,DS
BTBTIU191092,Sean Brooks,2004-01-12,alyssa25@example.com,BT,BT
ITNEIU19985,Brianna Graves,2003-12-17,annettesmith@example.net,IT,NE
PHSEIU22390,Katrina Rogers,2001-11-17,carolyndawson@example.org,PH,SE
PHSEIU19431,Kathryn Schaefer,2004-02-17,kathleen38@example.org,PH,SE
ENENIU201733,Janet Buck,2002-04-08,williamsjose@example.org,EN,EN
ENENIU221907,Kelly Gay,2002-08-06,shelleyhoward@example.org,EN,EN
EEEEIU21792,John Lawson,2001-08-07,cvalencia@example.org,EE,EE
IEIEIU19568,Robert George,2001-03-10,kellyestrada@example.com,IE,IE
PHSEIU22143,John Scott,2001-10-12,bridget88@example.com,PH,SE
ENENIU20261,Jamie Richards,2004-02-26,clewis@example.net,EN,EN
ITNEIU191384,Kristi Cunningham,2001-10-29,curtis91@example.com,IT,NE
IELSIU191450,Rachel Clark,2005-02-04,ccallahan@example.org,IE,LS
PHSEIU201073,Patrick Lin,2004-07-03,breed@example.com,PH,SE
ENENIU20500,Jason Williamson,2002-10-26,kyleharris@example.com,EN,EN
IELSIU221398,Pamela Farrell,2004-02-05,qtrujillo@example.org,IE,LS
PHSEIU19275,Leslie Curtis,2005-02-12,andersonkaren@example.org,PH,SE
CECEIU22414,Beth Austin,2004-05-20,ibailey@example.net,CE,CE
BAIBIU19265,Thomas Mayo,2002-04-10,uberg@example.org,BA,IB
BAHMIU211709,Laurie Whitney,2001-12-01,xsalazar@example.org,BA,HM
BABAIU221009,Nicolas Johnson,2004-01-21,yvonnejones@example.net,BA,BA
CECEIU21872,Jason Russell,2003-02-06,mario73@example.org,CE,CE
BTFTIU191153,Mark Fuller,2003-08-17,andreacox@example.com,BT,FT
CECEIU22524,Brenda Kemp,2004-03-24,shannon80@example.com,CE,CE
ITDSIU19222,Ethan Maldonado,2002-12-05,twallace@example.net,IT,DS
EEEEIU20770,Ryan Hinton,2002-03-04,johnhernandez@example.com,EE,EE
ENENIU191145,Marie Warren,2001-03-27,joshuabrady@example.org,EN,EN
ENENIU20280,Sonya Hughes,2001-10-02,thomasdavis@example.com,EN,EN
BTFTIU21756,Carol Figueroa,2003-12-07,mmarshall@example.net,BT,FT
BAHMIU211976,Samuel Waters,2002-10-02,pagerenee@example.com,BA,HM
PHSEIU19326,Randall Hickman,2001-08-05,steven07@example.net,PH,SE
BTARIU22841,Matthew Velasquez,2003-12-17,chad49@example.org,BT,AR
EEACIU21159,Matthew Reyes,2003-07-15,jamesjohnson@example.org,EE,AC
ITCEIU19550,Lynn Williams,2004-12-17,kiarasimpson@example.net,IT,CE
EEEEIU191974,Carol Payne,2003-06-24,pjohnston@example.com,EE,EE
ENENIU20742,Christopher Mcdonald,2002-08-06,joshualamb@example.net,EN,EN
IEIEIU211784,Chelsea Davis,2001-03-11,isavage@example.net,IE,IE
ENENIU20189,Andrew Myers,2003-09-23,tonimichael@example.com,EN,EN
BABAIU20676,Jessica Johnson,2003-03-27,ftaylor@example.com,BA,BA
BABAIU21549,Christine Stone,2001-09-11,iharris@example.com,BA,BA
ENENIU22889,Ashley Sutton,2002-06-30,kristinlee@example.com,EN,EN
BTFTIU211672,Jenna Sosa,2003-06-10,bruce30@example.com,BT,FT
CECMIU21436,Michael Campbell,2005-01-26,ssoto@example.com,CE,CM
BAMKIU191048,Michelle Salazar,2005-02-14,gbanks@example.net,BA,MK
EEEEIU221457,Diamond Morgan,2001-04-29,garciakayla@example.net,EE,EE
PHSEIU19371,Thomas Welch,2004-11-12,vboyd@example.net,PH,SE
ENENIU221677,Alexander Donaldson,2003-03-11,pberry@example.com,EN,EN
BTBTIU21664,Glen Davis,2003-01-19,jeffreybennett@example.net,BT,BT
EEACIU201171,Mark Wells,2004-09-29,robbinskatherine@example.net,EE,AC
PHSEIU19428,Veronica Baker,2001-06-09,morozco@example.com,PH,SE
IEIEIU21121,David Myers,2001-08-12,samanthacollier@example.net,IE,IE
IELSIU221515,Matthew Miller,2004-07-14,steven54@example.com,IE,LS
IEIEIU22368,Bonnie Rodriguez,2003-08-08,zhuff@example.org,IE,IE
CECEIU191773,Stephen Stevenson,2001-12-02,villarrealdarryl@example.net,CE,CE
ITDSIU191667,Lynn Reyes,2003-11-09,whayes@example.com,IT,DS
BABAIU191737,Craig Rios,2002-11-07,silvascott@example.com,BA,BA
BTBTIU201855,Sean Scott,2002-01-09,kfernandez@example.net,BT,BT
BTARIU221670,Lauren Goodman,2002-05-10,fischerrobert@example.org,BT,AR
PHSEIU211718,Jonathan Sullivan,2003-01-31,vanessabryant@example.net,PH,SE
ENENIU221427,Lauren Heath,2002-02-09,bergerdaniel@example.net,EN,EN
BAHMIU20505,Kelly Rogers,2003-01-11,jennifer05@example.org,BA,HM
BAMKIU211288,Daniel Taylor,2002-04-22,williamrollins@example.com,BA,MK
ENENIU20863,Renee Griffin,2003-09-13,ihill@example.net,EN,EN
CECMIU22365,Kerry Oconnor,2002-11-26,pjones@example.net,CE,CM
ENENIU19455,Sarah Hooper,2005-01-27,christopher27@example.net,EN,EN
IELSIU201879,Kristen Bautista,2001-04-21,andrewwise@example.com,IE,LS
BAIBIU221315,Caitlin Miller,2004-03-28,arthurmurphy@example.net,BA,IB
ITCSIU19200,Charles Garcia,2001-07-03,runderwood@example.net,IT,CS
CECEIU201880,Maria Gould,2004-12-04,tbrooks@example.org,CE,CE
EEACIU20510,Christopher Torres,2004-09-27,jonathanboyd@example.net,EE,AC
IEIEIU221028,Thomas Curtis,2001-02-25,holly56@example.com,IE,IE
BTFTIU22594,Ana Robinson,2005-01-31,aprilmartinez@example.com,BT,FT
ITDSIU221698,Jessica Murphy,2004-04-06,grahamthomas@example.com,IT,DS
ENENIU201723,Marvin Hurley,2003-11-09,john58@example.com,EN,EN
ENENIU211904,Christopher Zamora,2002-09-15,pcrawford@example.com,EN,EN
ITNEIU201165,Alyssa Klein,2004-05-19,nwells@example.com,IT,NE
IEIEIU22372,Valerie Romero,2001-09-30,romeroholly@example.org,IE,IE
ENENIU19946,Monique Kim,2003-01-22,brandon64@example.com,EN,EN
CECEIU22810,Jared Hubbard,2001-03-17,nelsonnathan@example.com,CE,CE
BAIBIU201786,Steve Morris,2001-11-22,shortjamie@example.com,BA,IB
IELSIU211381,Reginald Morris,2003-08-29,ronnie36@example.net,IE,LS
ENENIU21188,Fernando Brandt,2002-11-04,michael87@example.com,EN,EN
CECMIU201682,Collin Miller,2004-04-05,avilalaura@example.net,CE,CM
BAHMIU221025,Christopher Schaefer,2001-03-21,sandersjeremiah@example.com,BA,HM
BAHMIU191202,Leslie Dalton,2004-04-09,yyoung@example.com,BA,HM
CECEIU19773,Tyler Jacobson,2004-06-08,danielledunn@example.com,CE,CE
ENENIU201042,Mary Garrett,2003-03-17,osbornewanda@example.net,EN,EN
CECEIU19350,Shannon Ramos,2003-08-30,obrienjeffrey@example.net,CE,CE
BAHMIU19827,Stephanie Sanchez,2004-08-15,michael49@example.org,BA,HM
BAHMIU201158,Carl Shaw,2001-06-29,duncanwilliam@example.com,BA,HM
CECEIU191167,Jennifer Lawrence,2001-02-26,dorothy59@example.com,CE,CE
EEEEIU22428,Anthony Parker,2003-12-29,robertbeasley@example.com,EE,EE
ITDSIU20240,Douglas Garcia,2003-05-30,jameskennedy@example.net,IT,DS
BTBTIU22432,Thomas Hernandez,2003-05-10,yarnold@example.com,BT,BT
BAIBIU19836,Robert Yates,2003-05-13,crichardson@example.org,BA,IB
ENENIU19103,Elizabeth Leach,2003-11-21,millerdavid@example.com,EN,EN
ENENIU201798,Taylor Wood,2003-11-09,linda46@example.net,EN,EN
PHSEIU22850,John Jones,2001-09-03,kelly89@example.com,PH,SE
IELSIU22936,Michelle Rodriguez,2003-12-06,kenneth25@example.net,IE,LS
CECMIU211964,Alicia Johnson,2004-11-08,stephanie50@example.com,CE,CM
BTARIU22791,Julie Rivera,2003-05-12,stephanie67@example.com,BT,AR
EEACIU21688,Jennifer Ayala,2004-06-02,tyleraguilar@example.net,EE,AC
PHSEIU20163,Patrick Moore,2001-03-25,ppace@example.org,PH,SE
BABAIU22272,Jacqueline Rogers,2004-07-31,sshort@example.com,BA,BA
IELSIU19282,William King,2001-05-04,acastro@example.org,IE,LS
ITCEIU19439,Alicia Mckee,2004-09-19,bryantian@example.com,IT,CE
BAIBIU201973,Brittany Mathis,2003-06-17,wgardner@example.org,BA,IB
BTBTIU191439,David Kim,2002-07-03,wilsoncindy@example.net,BT,BT
ENENIU21765,Robert Jackson,2002-08-13,griffinpaul@example.com,EN,EN
BTARIU201242,Anthony Mullins,2001-09-25,maria49@example.com,BT,AR
CECMIU221518,Christopher Hill,2003-03-23,martinblackburn@example.com,CE,CM
BTBTIU22300,Jennifer Castaneda,2004-07-12,lisawalter@example.net,BT,BT
ITCSIU19567,Melissa Booker,2003-04-13,alan84@example.net,IT,CS
ITDSIU201628,Devin Pope,2001-07-04,thomasevans@example.org,IT,DS
BTARIU20880,Vincent Rios,2005-01-02,mayslarry@example.com,BT,AR
EEEEIU21314,Veronica Glover,2001-07-29,donald18@example.org,EE,EE
EEACIU191179,Raymond Gardner,2001-02-26,david70@example.com,EE,AC
IEIEIU19264,Penny Robertson,2002-07-10,james55@example.net,IE,IE
ITCEIU22139,Alejandro Smith,2001-08-25,dgomez@example.com,IT,CE
ENENIU221224,Barbara Smith,2003-01-26,gwatkins@example.org,EN,EN
BABAIU19788,Tyler Long,2004-04-10,claudiawhite@example.org,BA,BA
ENENIU191891,Whitney Mills,2004-08-06,jeffrey93@example.org,EN,EN
ENENIU19411,Matthew Robinson,2003-06-14,alexander25@example.com,EN,EN
EEACIU21372,Christina Hall,2004-09-27,reginahernandez@example.net,EE,AC
IEIEIU221105,Brenda Martinez,2001-08-14,laura13@example.net,IE,IE
ITDSIU201298,Courtney Williams,2002-02-04,mary08@example.com,IT,DS
ITDSIU211430,Mary Gill,2002-05-02,taylorbeverly@example.net,IT,DS
BAIBIU19985,Christopher Diaz,2004-08-04,john78@example.net,BA,IB
BTBTIU20594,Wendy Tran,2003-11-05,markpetersen@example.org,BT,BT
BAMKIU201215,Frances Watkins,2003-12-20,michelle71@example.org,BA,MK
PHSEIU191209,Nicholas Weaver,2004-04-25,mendezjeffery@example.com,PH,SE
ITNEIU211606,Christine Wilson,2003-07-23,pamelaponce@example.com,IT,NE
IELSIU191072,Rebecca Chen,2003-01-04,xlopez@example.net,IE,LS
EEEEIU211078,Christina Palmer,2002-11-08,hjohnson@example.net,EE,EE
BTARIU191888,Samantha Jones,2003-12-17,garciajohnathan@example.com,BT,AR
ITCEIU221275,Steve Hinton,2002-08-13,cwhite@example.com,IT,CE
CECMIU191285,Brandy Hill,2003-08-15,christopher73@example.net,CE,CM
ENENIU22728,Jacob Martin,2003-04-15,rebeccacooper@example.org,EN,EN
ITNEIU21840,Ryan Rodriguez,2003-05-11,gsmith@example.org,IT,NE
IELSIU19494,Scott Green,2004-02-29,joycelewis@example.org,IE,LS
PHSEIU191646,William Johnson,2004-05-14,kleinjustin@example.org,PH,SE
ITCEIU211152,Rebecca Brown,2003-09-08,ssilva@example.org,IT,CE
PHSEIU22774,Mary Evans,2001-09-04,hrichards@example.net,PH,SE
ITCEIU20957,Stephanie Carpenter,2004-06-07,hadams@example.net,IT,CE
ENENIU221134,Todd Brown,2001-04-06,probertson@example.org,EN,EN
BTARIU21925,Hunter Navarro,2001-06-04,davisjames@example.net,BT,AR
ITDSIU201102,Vincent Downs,2002-04-14,dbrooks@example.com,IT,DS
EEACIU211895,Matthew Andrews,2004-01-23,dbutler@example.net,EE,AC
ENENIU201141,Michael Raymond,2001-03-20,taylor15@example.org,EN,EN
ENENIU201272,Sandy Hood,2003-06-18,bgreen@example.org,EN,EN
ENENIU191792,Rachel Stephens,2002-05-17,omar44@example.net,EN,EN
CECMIU221352,Robert Perry,2004-03-31,adrian01@example.com,CE,CM
BTBTIU201128,Kerry Hernandez,2003-10-04,anthony99@example.org,BT,BT
PHSEIU211509,Joshua Smith,2003-02-27,qbarnett@example.net,PH,SE
BTARIU22501,Lori Montgomery,2002-06-07,pattersoncharles@example.com,BT,AR
BABAIU20113,Scott Acevedo,2001-03-19,dylanwright@example.org,BA,BA
EEEEIU20237,Joe Gonzales,2002-05-27,pmaddox@example.net,EE,EE
ENENIU22893,Anna Sanchez,2001-10-08,zacharyfoster@example.org,EN,EN
BTBTIU201583,Jacob West,2001-05-03,hardydiana@example.org,BT,BT
BABAIU221597,Nicole Rich,2002-10-15,cooperkenneth@example.net,BA,BA
CECEIU19573,Matthew Wright,2002-12-28,robertsjudy@example.com,CE,CE
ENENIU20198,Andrea Clark,2003-09-30,luisbanks@example.com,EN,EN
ENENIU211006,Mark Ayers,2002-05-14,mariadavenport@example.com,EN,EN
BTARIU20924,James Martinez,2003-03-22,williamsbenjamin@example.org,BT,AR
ENENIU191031,Michael Clark,2003-01-05,dannywilliams@example.com,EN,EN
BABAIU221394,Stephanie Moreno,2002-04-29,reyesmatthew@example.com,BA,BA
ENENIU201051,Rickey Phillips,2002-02-13,duane90@example.com,EN,EN
IELSIU211606,Sara Giles,2002-10-24,melissafrancis@example.net,IE,LS
PHSEIU22857,Amber Collins,2004-06-29,nathan79@example.org,PH,SE
CECMIU221745,Sandra Jones,2001-09-06,jamesmcintosh@example.org,CE,CM
BTFTIU191313,Carrie Mendoza,2002-05-27,jennifer90@example.org,BT,FT
BAMKIU191761,Paul Stafford,2001-02-26,rachelmartinez@example.com,BA,MK
ITCSIU22474,Kevin Doyle,2003-05-19,nicholsthomas@example.com,IT,CS
EEACIU21741,Kathryn Schroeder,2002-08-20,robert73@example.com,EE,AC
BTARIU22594,Ronald Reed,2004-05-29,arthurmolina@example.net,BT,AR
IELSIU19514,Haley Williams,2003-02-04,heatherhutchinson@example.net,IE,LS
EEEEIU201214,Jennifer Hernandez,2002-09-07,jennifergould@example.com,EE,EE
ENENIU21635,Christopher King,2004-03-29,tlewis@example.com,EN,EN
PHSEIU20197,Justin Smith,2004-04-04,omitchell@example.net,PH,SE
IEIEIU21220,Kenneth West,2003-05-04,lrhodes@example.org,IE,IE
PHSEIU20677,Alan Nicholson,2001-09-22,lreed@example.net,PH,SE
CECEIU19442,Katherine Mcdonald,2004-04-05,ryandarlene@example.net,CE,CE
CECEIU22498,Tim Haley,2004-05-11,adriansnyder@example.com,CE,CE
BABAIU221269,Judith Wright,2004-11-07,jay83@example.org,BA,BA
ENENIU221589,Diane Russell,2001-12-23,gregorybaker@example.org,EN,EN
PHSEIU211257,Ronald Smith,2004-01-02,kevinspencer@example.org,PH,SE
CECMIU191634,Carol Hansen,2002-01-27,heatherdeleon@example.com,CE,CM
BTFTIU221165,Derrick Williams,2003-11-24,andrew61@example.net,BT,FT
ENENIU211184,Jerome Buchanan,2001-09-03,hsavage@example.org,EN,EN
PHSEIU221877,Rachel Huerta,2002-07-31,ajackson@example.net,PH,SE
EEEEIU211113,Kevin Allen,2001-09-08,gbaker@example.net,EE,EE
BAIBIU201146,Michael Kerr,2004-01-09,adaniels@example.net,BA,IB
ENENIU211053,Corey Wilkins,2002-02-20,deckerrebecca@example.net,EN,EN
ITDSIU21964,Toni Williams,2003-07-18,crystal01@example.net,IT,DS
BTFTIU22605,Alicia Parks,2004-01-17,leblancangela@example.net,BT,FT
EEEEIU21279,Amber Cruz,2004-11-04,bryan17@example.org,EE,EE
ITCEIU19881,Jill Mahoney,2002-10-24,millerwilliam@example.net,IT,CE
CECEIU191138,Brian Hall,2001-05-07,hmcgee@example.net,CE,CE
ENENIU201582,Evan Castro,2001-11-25,dkaufman@example.net,EN,EN
ENENIU22280,Sarah Donaldson,2002-07-21,holmesjo@example.org,EN,EN
CECEIU221549,Rebecca Jones,2001-12-14,brittanybeck@example.com,CE,CE
BTARIU221885,Teresa Perez,2003-01-01,xcastro@example.com,BT,AR
BTBTIU21419,Kenneth Jones,2005-02-02,osborneaustin@example.com,BT,BT
CECMIU19602,Natalie Ryan,2003-04-21,codyyoung@example.org,CE,CM
CECMIU21420,William Pitts,2002-08-08,donnaclements@example.net,CE,CM
EEEEIU20651,Rebecca Garcia,2005-02-14,alexander58@example.org,EE,EE
IELSIU22340,Scott Perry,2003-06-08,patriciaparrish@example.net,IE,LS
IELSIU221714,Connor Freeman,2001-07-09,collinsthomas@example.org,IE,LS
ITCSIU21486,Holly Cuevas,2003-03-13,higginstroy@example.net,IT,CS
ITCEIU19734,Sandra Bryant,2004-04-10,earnold@example.net,IT,CE
BTFTIU191615,Betty Murphy,2004-10-31,jcollins@example.org,BT,FT
IEIEIU22702,Jennifer Day,2003-03-02,bharmon@example.net,IE,IE
CECMIU211715,David Mason,2005-02-10,ana86@example.com,CE,CM
ITCSIU22652,Craig Johnson,2002-11-24,melanie94@example.org,IT,CS
ITNEIU20135,Brian Norton,2003-09-13,charlene01@example.com,IT,NE
PHSEIU21243,Lisa Harrington,2004-06-07,jessica13@example.net,PH,SE
ITNEIU201264,Amanda Simon,2004-05-25,riosmargaret@example.org,IT,NE
BABAIU221595,Karen Graham,2001-10-26,sherrialvarez@example.com,BA,BA
IELSIU19623,Jonathan Hayes,2004-01-16,christina80@example.com,IE,LS
BABAIU22283,Melissa Campbell,2001-04-01,mckenziecannon@example.com,BA,BA
CECMIU201609,Aaron Bailey,2002-12-06,wbass@example.net,CE,CM
ENENIU22284,Sherry Montgomery,2003-01-08,porozco@example.net,EN,EN
IEIEIU20110,Rachel Richards,2002-03-02,mckinneydustin@example.com,IE,IE
IEIEIU19217,Amanda Cameron,2003-10-22,simsdevon@example.net,IE,IE
CECMIU19282,Theresa Williams,2001-12-06,alanbray@example.org,CE,CM
CECMIU221540,Austin Wilson,2001-07-19,rhondawalker@example.com,CE,CM
PHSEIU19161,Melissa Kirby,2001-10-11,sbennett@example.net,PH,SE
BAMKIU191326,Ashley Wilcox,2003-10-08,nhernandez@example.net,BA,MK
CECMIU20771,Michelle Franklin,2003-05-18,thomasdavid@example.net,CE,CM
ITNEIU221423,Antonio Sanchez,2002-04-14,gcurry@example.net,IT,NE
ITCSIU20852,Michael Miller,2002-08-21,tsanchez@example.org,IT,CS
PHSEIU221022,Isaiah Hamilton,2001-10-02,christopherboyd@example.com,PH,SE
EEACIU21702,Shawn Holmes,2005-02-01,pthompson@example.com,EE,AC
ITDSIU221636,Sara Brandt,2004-09-08,brianajones@example.net,IT,DS
ENENIU20671,Patricia Dorsey,2002-10-16,ambersimmons@example.org,EN,EN
PHSEIU201376,Joann Park,2001-05-28,robinsondonald@example.org,PH,SE
IEIEIU211634,Melissa Rogers,2004-05-30,marialawrence@example.net,IE,IE
ITDSIU211189,Kyle Allen,2003-06-19,heather57@example.net,IT,DS
IEIEIU22983,Donald Escobar,2004-06-02,christopher46@example.org,IE,IE
EEEEIU191960,Alexander Henry,2002-10-05,mirandahall@example.org,EE,EE
IELSIU211149,Troy Estrada,2004-11-02,jordan99@example.net,IE,LS
CECEIU221341,Clayton Burns,2003-03-22,wrightkelly@example.net,CE,CE
BTARIU211270,Yolanda Martin,2001-02-27,jasminebaker@example.net,BT,AR
EEACIU20578,Adam Cook,2004-11-08,heather30@example.org,EE,AC
ITNEIU201292,Susan Moore,2004-06-16,nathanramirez@example.net,IT,NE
BAMKIU211643,Kevin Powell,2003-09-22,jimenezlindsay@example.org,BA,MK
CECEIU20194,Donald Cox,2002-01-17,zacharysmith@example.net,CE,CE
PHSEIU201472,Gregory Savage,2004-08-28,amyevans@example.com,PH,SE
PHSEIU22443,Susan Fields,2004-11-12,craigmurray@example.org,PH,SE
BTBTIU21672,Aaron Underwood,2003-05-05,annaparker@example.org,BT,BT
BABAIU22640,Isaac Knight,2001-04-21,brandon15@example.org,BA,BA
ITNEIU221896,Yvonne Kennedy,2004-06-07,rhonda35@example.net,IT,NE
BAMKIU20908,Erica Mason,2002-12-15,leonard44@example.org,BA,MK
ITNEIU22493,Daniel Abbott,2004-06-21,travisnguyen@example.com,IT,NE
EEACIU19105,Aaron Hardy,2001-05-20,david62@example.com,EE,AC
IEIEIU211309,Eric Smith,2001-11-16,diana34@example.org,IE,IE
EEEEIU191123,Wesley Friedman,2001-10-04,roger23@example.com,EE,EE
CECEIU21874,Daniel Pineda,2003-05-29,holly71@example.com,CE,CE
ENENIU191292,Ronald Williams,2003-10-24,heathercarr@example.org,EN,EN
ENENIU22528,Cassie Nichols,2004-08-02,james39@example.com,EN,EN
BTFTIU22234,Aaron Clarke,2003-11-04,imartinez@example.org,BT,FT
ITDSIU221727,Mary Bates,2002-03-17,collinsjessica@example.net,IT,DS
EEACIU191597,Deborah Mccormick,2001-11-22,deborahrivera@example.net,EE,AC
CECEIU221007,Joseph Miller,2002-06-17,charlesmills@example.org,CE,CE
IELSIU22844,Philip Moore,2002-06-10,bwilson@example.net,IE,LS
PHSEIU20487,Kimberly Martinez,2002-11-09,douglasdaniels@example.com,PH,SE
BAIBIU20650,James Stanton,2001-08-11,jennadavis@example.org,BA,IB
PHSEIU211962,Vincent Wallace,2004-03-03,christophersmith@example.org,PH,SE
IEIEIU20542,Lauren Hardy,2003-09-19,mooresteven@example.com,IE,IE
ITNEIU20296,Joe Gonzalez,2002-05-10,mosleykatherine@example.org,IT,NE
IEIEIU21604,Christine Garcia,2003-09-09,wandasmith@example.net,IE,IE
ENENIU201636,Madison Miranda,2003-03-06,austin55@example.net,EN,EN
ITCSIU19361,Christopher Cummings,2004-10-07,rodriguezjohn@example.org,IT,CS
BTBTIU20421,Stephanie Chang,2003-01-27,dsherman@example.org,BT,BT
BTFTIU191578,Michael Lynn,2003-11-23,powellmark@example.org,BT,FT
ENENIU211480,Abigail Robinson,2005-01-13,xcooper@example.com,EN,EN
IELSIU19625,Peter Pierce,2004-08-30,hollowaykenneth@example.com,IE,LS
PHSEIU21564,Ashley Henson,2002-03-29,holly12@example.org,PH,SE
BABAIU201802,Steven Perez,2004-02-25,jimenezjoseph@example.com,BA,BA
EEEEIU211067,Andrea Hicks,2001-08-17,floresjulie@example.org,EE,EE
BTARIU19926,Joshua Hoffman,2001-08-17,arianawright@example.org,BT,AR
BTFTIU20812,Brent Walker,2004-07-10,jamessanders@example.net,BT,FT
IEIEIU211065,Gabriela Smith,2004-01-03,martha50@example.org,IE,IE
ITNEIU20404,Haley Smith,2005-01-16,williammcdonald@example.com,IT,NE
ENENIU20301,Jason Steele,2002-03-31,wpope@example.com,EN,EN
BABAIU201611,Brian Tucker,2004-12-09,mcdanieldarlene@example.org,BA,BA
ENENIU20145,Stacy Clark,2003-01-14,scott69@example.com,EN,EN
BTFTIU201248,Kristen Dyer,2003-10-30,ericday@example.net,BT,FT
CECEIU21668,Katherine Elliott,2004-03-25,markkrueger@example.com,CE,CE
ENENIU22476,Melissa Martin,2004-01-05,william84@example.com,EN,EN
BAHMIU201048,Jason Miller,2001-02-28,youngdonald@example.net,BA,HM
ITDSIU21155,Devin Marshall,2001-05-18,hillwilliam@example.net,IT,DS
PHSEIU191264,Jesse Griffin,2001-11-16,ifoster@example.com,PH,SE
ITCSIU211243,Eric Mann,2004-07-14,patrick54@example.com,IT,CS
PHSEIU191197,Brian Riley,2003-03-27,helen64@example.org,PH,SE
BTBTIU21568,Sonia Jefferson,2003-09-06,ytapia@example.org,BT,BT
ENENIU21568,Tasha Gutierrez,2003-07-22,cfloyd@example.com,EN,EN
PHSEIU201582,Kimberly Carr,2004-01-16,tracichandler@example.net,PH,SE
IELSIU221452,Tracy Taylor,2001-11-13,lisabrooks@example.net,IE,LS
EEEEIU191435,Melinda Brown,2001-03-16,william99@example.net,EE,EE
ITCEIU19379,Christopher Orr,2004-09-21,harpersarah@example.net,IT,CE
CECMIU21228,Mark White,2003-03-26,jeffrey81@example.net,CE,CM
PHSEIU211763,James Mcdonald,2001-12-01,murphyleslie@example.net,PH,SE
BTARIU211904,Douglas Medina,2001-04-26,rodney64@example.net,BT,AR
ITCEIU221711,Jill Williams,2002-11-26,moralesdavid@example.net,IT,CE
BABAIU211486,Jason Ray,2004-01-16,dbaker@example.net,BA,BA
BAIBIU191452,Sarah Harrison,2001-10-17,richard59@example.net,BA,IB
EEEEIU19270,Lisa Harris,2001-04-12,james91@example.com,EE,EE
BAMKIU19154,April Smith,2004-06-15,ypruitt@example.com,BA,MK
ITCEIU221504,Sean Martinez,2005-01-31,huntgina@example.org,IT,CE
EEEEIU22407,Jamie Phillips,2001-09-19,ryanjohnson@example.net,EE,EE
IELSIU201352,Wesley Simmons,2002-07-26,lburke@example.org,IE,LS
CECMIU191940,Eric Hutchinson,2004-08-11,johnrandolph@example.net,CE,CM
PHSEIU191285,Misty Webb,2001-03-31,dvincent@example.net,PH,SE
CECMIU21366,Christina Allison,2004-08-15,lindahernandez@example.net,CE,CM
BAMKIU221537,James Smith,2003-03-11,brewerlouis@example.com,BA,MK
CECMIU201667,Cynthia Fletcher,2001-05-14,miguel26@example.com,CE,CM
IELSIU201344,Lori Williams,2002-10-18,hartcynthia@example.org,IE,LS
ITCEIU21869,Sabrina Moore,2002-11-11,michelecabrera@example.net,IT,CE
ENENIU201856,Sara Lee,2004-10-16,bakerthomas@example.org,EN,EN
ITNEIU201389,Matthew Johnson,2003-05-18,medinajulie@example.net,IT,NE
PHSEIU20704,Christine Owen,2002-07-18,callahankristine@example.net,PH,SE
ENENIU221512,Jennifer Orozco,2004-12-21,billymoon@example.com,EN,EN
BTFTIU221958,Kristy Cook,2001-07-16,clementskevin@example.net,BT,FT
EEACIU19402,Laura Watson,2002-07-18,kmorgan@example.org,EE,AC
ENENIU211428,Elizabeth Matthews,2001-03-10,levi18@example.com,EN,EN
ITCSIU211197,Tyler Santiago,2002-06-02,lewischristopher@example.com,IT,CS
BTBTIU21901,Richard Vazquez,2002-03-01,lwoods@example.net,BT,BT
ITNEIU19962,Tracey Hunt,2001-07-30,lsparks@example.net,IT,NE
IELSIU19744,Savannah Johnson,2001-03-26,kevinellis@example.com,IE,LS
PHSEIU20418,Richard Wilson,2004-08-17,bakeralexander@example.org,PH,SE
ENENIU201487,Laura Knox,2004-05-21,jennifer65@example.net,EN,EN
BTBTIU201292,John Ramos,2002-08-17,ashleybenjamin@example.com,BT,BT
BAIBIU211187,Patricia Carr,2004-08-05,matthewdeleon@example.net,BA,IB
BABAIU19518,Danielle Carey,2002-02-06,dsandoval@example.com,BA,BA
EEEEIU221707,Brooke Bond,2002-06-26,pachecomelissa@example.net,EE,EE
PHSEIU221883,Jeremiah Willis,2001-04-26,garciatheodore@example.net,PH,SE
BTARIU21547,Patrick Castillo,2003-10-15,bryangoodman@example.net,BT,AR
BTARIU201466,Jesse Webb,2003-01-11,richtaylor@example.com,BT,AR
ENENIU22213,Thomas Hill,2001-03-10,harrismary@example.com,EN,EN
CECEIU20858,Colleen Palmer,2002-02-20,codyhines@example.net,CE,CE
IELSIU22334,Kimberly Kennedy,2002-09-21,wilsonpatrick@example.org,IE,LS
ENENIU201201,Andrea Sanders,2002-11-25,madison12@example.com,EN,EN
BAMKIU20467,Christine Cook,2004-12-02,leblancdebbie@example.com,BA,MK
BTBTIU221624,Francis Moore,2004-10-14,cindy97@example.net,BT,BT
EEEEIU201627,Timothy Mills,2004-07-27,kelly26@example.com,EE,EE
IEIEIU221184,William Sanders,2001-11-21,xgutierrez@example.com,IE,IE
PHSEIU21987,Brian Stafford,2001-07-12,ohuffman@example.net,PH,SE
IEIEIU211412,Brian Williams,2002-08-22,james68@example.net,IE,IE
ITDSIU22481,Brittany Elliott,2002-05-09,benjamin18@example.com,IT,DS
CECMIU221597,Joanne Roberson,2001-07-16,garrettnicholas@example.org,CE,CM
ITNEIU201504,Cory Johnson,2004-01-27,henry30@example.org,IT,NE
EEACIU221473,Kylie Lloyd,2002-12-05,roberthale@example.com,EE,AC
IEIEIU191345,Paula Green,2002-04-15,angela97@example.net,IE,IE
IEIEIU19336,Barbara Luna,2001-08-23,oharrison@example.com,IE,IE
ENENIU19752,Robert Peterson,2002-11-21,veronicakelly@example.com,EN,EN
IELSIU191893,Courtney Nguyen,2002-06-18,tcastillo@example.net,IE,LS
BTARIU22246,Rachael Garza,2001-12-09,paul68@example.net,BT,AR
ENENIU22543,Alexandra Moreno,2001-07-02,ksmith@example.com,EN,EN
BABAIU201507,Tina Huffman,2003-09-02,amatthews@example.net,BA,BA
ENENIU191030,Kelly Baldwin,2004-04-03,john80@example.net,EN,EN
EEEEIU191765,Joseph Hensley,2001-06-06,crystalwilliams@example.org,EE,EE
BABAIU19306,Clinton Carroll,2004-02-26,franklintiffany@example.net,BA,BA
ENENIU201660,Dillon Martinez,2001-12-19,marissawilson@example.net,EN,EN
ITCSIU22920,Tina Mata,2004-04-16,nelsonvicki@example.org,IT,CS
ITDSIU201082,Thomas Mays,2003-07-29,edrake@example.org,IT,DS
IEIEIU211091,Marcia Walters,2002-08-09,qluna@example.net,IE,IE
IELSIU211204,Justin Brown,2004-07-17,dawn17@example.com,IE,LS
BTFTIU221073,Kayla Martin,2004-02-22,dharding@example.org,BT,FT
BABAIU20208,Daniel Levy,2003-09-16,ryanwhite@example.com,BA,BA
IEIEIU19972,Nicholas Tucker,2005-02-01,raymonddelgado@example.net,IE,IE
CECEIU19492,Madison Marshall,2004-02-22,xduarte@example.org,CE,CE
PHSEIU211766,Karen Rojas,2001-08-27,fmiller@example.net,PH,SE
PHSEIU19188,Richard Brown,2002-02-27,melanie56@example.com,PH,SE
ENENIU221943,Dana Contreras,2002-07-19,qpetersen@example.org,EN,EN
BAHMIU191828,Cheryl Ross,2002-11-16,nguyenanne@example.net,BA,HM
ENENIU201601,Katrina Hudson,2002-05-13,owaller@example.org,EN,EN
ENENIU22844,Emily Eaton,2003-04-04,brandigomez@example.org,EN,EN
BTARIU211336,Joshua Alexander,2003-09-01,briancoleman@example.net,BT,AR
IEIEIU221393,Joseph Hill,2001-04-13,ilogan@example.net,IE,IE
CECEIU20261,Alicia Aguilar,2004-01-30,robinsonjacob@example.org,CE,CE
ENENIU221422,Joseph Anderson,2001-02-28,gherring@example.net,EN,EN
BTARIU20277,Brittany Rodriguez,2003-11-24,devon09@example.org,BT,AR
BTARIU21753,Sarah Spence,2003-10-31,kevin47@example.net,BT,AR
EEEEIU21566,Gregory Garrison,2002-04-22,david80@example.net,EE,EE
ENENIU22291,Darren Lopez,2002-09-10,christine74@example.org,EN,EN
EEEEIU201748,Kathy Dominguez,2002-06-28,jeremy64@example.org,EE,EE
CECEIU20402,Sarah Hicks,2003-07-06,thomasjenna@example.com,CE,CE
BTFTIU21638,Jason Barrett,2001-05-30,theodorehicks@example.com,BT,FT
CECEIU20511,Kristin Carr,2002-06-23,danielmclean@example.net,CE,CE
ITDSIU191702,Wendy Vega,2001-05-15,bryantbryan@example.com,IT,DS
CECMIU211684,Ashley Lopez,2004-11-21,hmckee@example.com,CE,CM
BAHMIU201926,Joseph Orozco,2004-06-12,charlesmckinney@example.net,BA,HM
BAIBIU19245,Charles Alvarez,2002-04-23,jamesabigail@example.org,BA,IB
BAHMIU211620,Randy Jefferson,2003-04-08,murphybrittney@example.com,BA,HM
BAMKIU19299,Hannah Allen,2001-02-26,hernandezthomas@example.net,BA,MK
IEIEIU191467,Betty Johnson,2002-09-17,alison53@example.com,IE,IE
IEIEIU211687,Nathan Silva,2002-11-18,bweaver@example.net,IE,IE
ITDSIU22148,Scott Randall,2003-06-25,ldougherty@example.org,IT,DS
ITCEIU22638,Julie Kennedy,2003-06-15,james53@example.com,IT,CE
BAHMIU20749,Jennifer Williams,2001-03-29,sevans@example.com,BA,HM
ENENIU22423,Oscar Hinton,2002-08-14,cynthia84@example.org,EN,EN
BTBTIU20770,Mary Wilcox,2002-11-09,sheltonleslie@example.org,BT,BT
IEIEIU19372,Andrea Nguyen,2003-02-03,christygardner@example.com,IE,IE
EEACIU201021,Erika Williamson,2004-09-02,lorimunoz@example.org,EE,AC
PHSEIU22360,Ruth Miller,2003-07-31,allendavid@example.org,PH,SE
ENENIU19800,Karen Jones,2002-03-21,xoneill@example.net,EN,EN
CECMIU221096,Tamara Ramirez,2003-06-22,justinfuentes@example.com,CE,CM
BAHMIU201672,William Matthews,2002-10-24,james21@example.com,BA,HM
IELSIU201930,Samantha Middleton,2003-08-19,tyroneclark@example.net,IE,LS
BAHMIU20628,George Ramirez,2003-06-05,robertpalmer@example.org,BA,HM
EEACIU221210,Robert David,2003-12-04,lori81@example.net,EE,AC
EEACIU201757,Dawn Wood,2004-09-11,jsalinas@example.com,EE,AC
EEACIU211195,Kevin Bailey,2004-08-28,kristen70@example.org,EE,AC
EEACIU22294,Margaret Greer,2004-08-18,lwelch@example.org,EE,AC
BAIBIU191666,Edwin Moore,2002-07-27,daniel90@example.org,BA,IB
PHSEIU22507,Crystal Robinson,2001-07-26,bushjennifer@example.com,PH,SE
CECMIU201904,Charles Johnson,2005-01-27,ricardo46@example.com,CE,CM
CECMIU201428,Raymond Cox,2001-11-06,ryanli@example.com,CE,CM
CECEIU211255,Robin Collins,2002-08-22,amyreid@example.org,CE,CE
BAIBIU201009,Dustin Martinez,2001-08-15,timothy63@example.com,BA,IB
BAHMIU22426,James Henry,2002-04-07,anthony60@example.com,BA,HM
PHSEIU21431,Megan Lee,2002-08-20,alexandra36@example.org,PH,SE
EEEEIU191016,Ashley Hill,2004-05-26,michaeledwards@example.com,EE,EE
BTARIU191562,Aaron Holland,2002-04-09,ghughes@example.net,BT,AR
BTBTIU221320,John Benjamin,2004-11-21,riggscasey@example.org,BT,BT
BTFTIU19220,Barbara Robinson,2001-12-04,rebecca03@example.org,BT,FT
BAMKIU201002,Stephanie Hill,2002-02-03,priceheather@example.org,BA,MK
ITCSIU19275,Victoria Buchanan,2005-02-11,fgrant@example.org,IT,CS
CECEIU221107,Rebecca Davidson,2003-09-05,timothy64@example.com,CE,CE
BAIBIU191975,Wendy Montgomery,2003-08-14,mark56@example.org,BA,IB
ITDSIU221027,Jennifer Cross,2004-10-28,johnsonspencer@example.org,IT,DS
IEIEIU221314,Jason Mendez,2002-12-10,oconnellrobin@example.org,IE,IE
CECEIU22196,Lee Perez,2001-05-01,agibson@example.net,CE,CE
EEEEIU21852,Toni Roberts,2002-03-28,bartondanny@example.net,EE,EE
IEIEIU201793,Karen Garcia,2004-05-07,brandon28@example.org,IE,IE
CECEIU21332,Tara Maynard,2005-02-17,smithdavid@example.com,CE,CE
EEACIU22865,Latoya Jenkins,2002-08-14,alexandra68@example.org,EE,AC
BAMKIU19943,Kristen Jones,2003-11-26,ybryant@example.org,BA,MK
CECMIU19472,Derek Morales,2003-03-18,shawna94@example.org,CE,CM
PHSEIU19988,Kyle Powers,2003-12-31,william59@example.net,PH,SE
BAMKIU20965,Jennifer Pierce,2003-03-11,joel11@example.com,BA,MK
EEACIU21945,Jason Potter,2002-06-02,jenkinscarolyn@example.net,EE,AC
EEEEIU211698,Michael Jenkins,2001-07-26,lindsey04@example.net,EE,EE
EEACIU20113,David Campbell,2003-07-03,kimberly87@example.com,EE,AC
ENENIU191371,Mark Garrison,2003-09-09,rgarcia@example.org,EN,EN
BTBTIU20200,Cheryl Frazier,2003-08-05,thompsonpatricia@example.com,BT,BT
PHSEIU221689,Bailey Roberson,2001-03-23,vanessamelton@example.net,PH,SE
ITNEIU191844,Stephanie Rose,2002-11-22,jacobanderson@example.net,IT,NE
PHSEIU20136,Kathryn Boyle,2001-11-07,josephmiller@example.org,PH,SE
CECEIU22483,Thomas Hampton,2004-10-30,caitlyn29@example.com,CE,CE
BAHMIU19683,Nicole Ross,2004-09-21,tuckerjoseph@example.net,BA,HM
PHSEIU211841,Michael Jenkins,2003-12-18,wagnerjoseph@example.com,PH,SE
IEIEIU19484,Dillon Johnson,2003-09-19,paul17@example.org,IE,IE
BTFTIU191525,Lisa Davis,2001-10-13,arianapatel@example.net,BT,FT
PHSEIU191617,Michael Garcia,2001-06-11,meghan95@example.org,PH,SE
PHSEIU211035,Michael Vincent,2002-07-06,zgriffith@example.net,PH,SE
BTARIU211534,Anna Meyers,2004-11-11,michael78@example.com,BT,AR
BTFTIU20998,Lisa Harding,2003-01-03,david82@example.com,BT,FT
IELSIU221950,Katherine Reed,2001-03-17,novakalexis@example.net,IE,LS
BTBTIU221772,Kimberly Miller,2002-05-23,coreyburgess@example.org,BT,BT
BTBTIU21591,Laura Carroll,2002-11-02,vincentronald@example.com,BT,BT
ITCSIU19687,Julie Bryant,2002-09-05,rodrigueztiffany@example.org,IT,CS
EEEEIU201392,Amanda Cook,2003-12-17,brianamckee@example.org,EE,EE
IELSIU22788,Sarah Wong,2003-02-05,tanderson@example.net,IE,LS
ITNEIU191946,Andrew Olsen,2002-05-03,richardjohnson@example.org,IT,NE
ENENIU201706,Javier Hodges,2003-09-03,williamsteresa@example.com,EN,EN
BTFTIU21782,Brian Hunt,2001-12-11,scottdaniel@example.com,BT,FT
EEACIU211912,Ruth Riggs,2004-10-02,stevenhensley@example.org,EE,AC
BABAIU211397,Shannon Henry,2002-08-03,john99@example.net,BA,BA
ITNEIU19619,Christopher Lewis,2004-12-30,dennis31@example.org,IT,NE
IEIEIU19707,Ryan Duran,2003-05-07,maciasgary@example.com,IE,IE
IEIEIU221450,Melissa Walker,2005-01-05,ecox@example.net,IE,IE
IELSIU19964,Brian Adams,2002-12-31,udillon@example.net,IE,LS
ITNEIU22615,William Ayers,2004-12-14,russellwesley@example.com,IT,NE
CECEIU221652,Robert Avila,2004-03-23,jeanwebb@example.com,CE,CE
BTBTIU191887,William Butler,2004-05-15,emoody@example.net,BT,BT
ITCSIU201204,Christina Mcgee,2005-02-01,stephen60@example.org,IT,CS
BTBTIU191763,Darlene Banks,2001-04-08,jwalters@example.org,BT,BT
ENENIU191255,Casey Norton,2001-08-11,timothyrichard@example.com,EN,EN
EEACIU19887,Kathleen Davila,2003-07-27,qgraham@example.org,EE,AC
IEIEIU221979,Megan Whitaker,2005-02-13,andreamason@example.net,IE,IE
EEEEIU191371,Lori Greene,2001-05-10,jennifergregory@example.com,EE,EE
ENENIU21714,Derrick Cook,2004-01-12,bpineda@example.net,EN,EN
ITDSIU191865,Russell Roberts,2004-09-10,maureen10@example.org,IT,DS
ENENIU21267,Michael Bates,2003-02-23,amynorman@example.org,EN,EN
ITDSIU191109,Jerome Prince,2004-05-16,juliejames@example.net,IT,DS
BTFTIU211700,Robert Blake,2002-01-25,michaelherring@example.com,BT,FT
BTFTIU21330,Christopher Sparks,2004-08-09,richardfoster@example.com,BT,FT
EEEEIU201611,Rebekah Levy,2005-02-19,kevinrussell@example.org,EE,EE
CECMIU22626,Bryan Thomas,2001-10-02,connie10@example.org,CE,CM
BAMKIU201444,Sandra Hughes,2003-03-10,westsarah@example.net,BA,MK
ITNEIU201695,Rebecca Morris,2002-10-29,rachael77@example.org,IT,NE
EEACIU21730,Ronald Ayers,2002-10-10,cardenaskristine@example.com,EE,AC
CECEIU22156,Brandon Roth,2002-11-14,rmartinez@example.org,CE,CE
ITDSIU19338,Douglas Horn,2002-02-13,derek30@example.com,IT,DS
PHSEIU21356,Joyce Daniels,2001-04-23,roberttorres@example.net,PH,SE
CECMIU19503,Kyle Lee,2004-05-06,armstrongrose@example.com,CE,CM
ITCSIU221110,Tyler Wells,2002-07-17,michael38@example.com,IT,CS
PHSEIU21488,Carrie Braun,2001-12-13,heather05@example.org,PH,SE
ITNEIU201826,Katrina Boone,2003-11-11,ecox@example.com,IT,NE
BAMKIU19611,Robert Mendoza,2003-11-02,cli@example.net,BA,MK
ENENIU22930,John Jackson,2004-02-24,boydmario@example.com,EN,EN
CECEIU21896,Tracy Weaver,2004-03-18,wmeyer@example.org,CE,CE
PHSEIU191646,Shane Mejia,2003-07-14,mike92@example.com,PH,SE
ENENIU21809,Lori Taylor,2003-05-25,kelly39@example.com,EN,EN
ITCEIU21559,Jonathan Sherman,2004-10-14,haynesmichelle@example.org,IT,CE
EEACIU20905,Christopher Zimmerman,2002-10-25,bwhite@example.org,EE,AC
EEACIU22635,Casey Gilbert,2002-01-02,sarahstewart@example.org,EE,AC
ITDSIU19746,Anna Turner,2001-08-25,rangelbilly@example.com,IT,DS
ENENIU201565,Megan Martinez,2001-09-02,hbrooks@example.org,EN,EN
PHSEIU221695,Timothy Owens,2001-08-19,scott95@example.net,PH,SE
IEIEIU211377,Katherine Thompson,2004-02-13,clinejason@example.net,IE,IE
CECMIU211096,Vanessa Mcintyre,2003-03-22,bernardpatrick@example.com,CE,CM
CECMIU221037,Jessica Jacobson,2001-03-11,clayton71@example.net,CE,CM
ITNEIU221111,Michelle Beasley,2003-01-25,cassandrahogan@example.com,IT,NE
PHSEIU20546,Christopher Jones,2004-10-16,angelavillarreal@example.net,PH,SE
BTBTIU201263,Samantha Carrillo,2002-01-03,smithjill@example.com,BT,BT
ITNEIU21507,Deborah Harris,2002-09-10,mgardner@example.org,IT,NE
ENENIU19382,Danny Horn,2001-06-19,yolandaschultz@example.org,EN,EN
IEIEIU191263,Sandra Velasquez,2003-06-01,katelyn68@example.net,IE,IE
BTARIU201766,Joshua Farmer,2002-05-14,aconner@example.com,BT,AR
BABAIU21954,Emma Brown,2003-10-23,watsonmark@example.net,BA,BA
PHSEIU211584,Larry Ellis,2003-10-29,rodriguezcarrie@example.net,PH,SE
BAIBIU201422,Sandra White,2002-03-05,youngmark@example.org,BA,IB
EEACIU21919,James Obrien,2003-06-23,cmoreno@example.com,EE,AC
CECEIU201793,Taylor Kerr,2001-10-21,alexanderlittle@example.net,CE,CE
EEEEIU191384,Natalie Harris,2002-01-17,anthony31@example.net,EE,EE
BTARIU201602,Samantha Adams,2004-11-05,singhcynthia@example.org,BT,AR
BABAIU201725,Jennifer Bean,2001-08-08,richard97@example.net,BA,BA
PHSEIU221825,Sarah Parrish,2002-04-20,alyssahunt@example.org,PH,SE
ENENIU221994,Donald Morse,2003-07-20,brittany53@example.org,EN,EN
BAIBIU201318,Alicia Roberson,2001-12-19,morganpruitt@example.com,BA,IB
CECMIU201806,Vanessa Douglas,2004-10-03,ealexander@example.com,CE,CM
EEACIU191430,Julie Brooks,2003-06-29,xwilliamson@example.com,EE,AC
ITDSIU20199,Norma Brown,2003-03-25,andrew65@example.org,IT,DS
ITDSIU201401,Amanda Morrow,2003-08-24,rayburgess@example.net,IT,DS
ITDSIU221482,Bryce Long,2004-02-25,pstafford@example.org,IT,DS
BTARIU201732,Sherry Andrews,2001-05-12,jessicariley@example.org,BT,AR
EEACIU22315,Cynthia Li,2001-05-09,ericaharris@example.com,EE,AC
ITNEIU22848,Katherine Mckay,2003-01-25,rhonda13@example.org,IT,NE
EEACIU22822,Robert Sanchez,2005-02-03,samantha23@example.net,EE,AC
CECEIU19600,Mary Marshall,2004-12-02,wjohnson@example.com,CE,CE
IEIEIU221902,Stephanie Callahan,2003-09-07,alexander06@example.com,IE,IE
BAMKIU201045,Michael Turner,2003-08-02,kevin83@example.net,BA,MK
CECMIU201370,Andrew Silva,2005-01-12,dustinalvarez@example.org,CE,CM
BTARIU191958,Nicholas Fuentes,2002-03-04,kathyrose@example.org,BT,AR
BAIBIU221622,Kari Stephens,2002-11-02,maryholland@example.org,BA,IB
BAIBIU20225,Jonathan Conley,2001-02-27,nielsenpaul@example.com,BA,IB
CECMIU21818,Matthew Dawson,2002-11-03,twilliams@example.net,CE,CM
CECEIU20380,Gregg James,2003-09-30,nmiller@example.net,CE,CE
EEACIU20502,John Peterson,2002-01-03,cynthiawong@example.org,EE,AC
ENENIU191632,Kristin Daniel,2004-09-10,jeffreychambers@example.com,EN,EN
PHSEIU221859,David Ramirez,2002-10-20,amy18@example.com,PH,SE
ENENIU21261,Isabella Malone,2002-02-18,nfoley@example.org,EN,EN
CECMIU20382,Samuel Miranda,2001-08-22,ashleywilliams@example.net,CE,CM
PHSEIU221048,Ashley Herrera,2005-02-02,courtneylogan@example.net,PH,SE
PHSEIU19109,Karl Curtis,2003-12-13,sierra77@example.org,PH,SE
ITNEIU20541,Leah Ross,2004-11-09,michaelrobles@example.com,IT,NE
ITCEIU22505,Leah Butler,2003-12-10,apena@example.com,IT,CE
IELSIU19475,Whitney Johnson,2003-09-29,lwilliamson@example.com,IE,LS
BAMKIU20759,Stephen Smith,2003-05-21,ashleyjones@example.net,BA,MK
IEIEIU20757,Natasha Lee,2004-10-02,wellsduane@example.com,IE,IE
EEACIU211115,Travis Green,2002-03-04,hammondscott@example.org,EE,AC
IEIEIU19658,Kyle Allison,2003-11-13,sotokathleen@example.com,IE,IE
EEACIU22832,Daniel Miller,2004-04-28,patrickburke@example.org,EE,AC
IELSIU201551,Desiree Jones,2003-02-01,espinozatammy@example.com,IE,LS
EEEEIU21440,George Stanley,2003-04-19,jacobmurphy@example.net,EE,EE
BABAIU20420,Robert Drake,2001-09-06,loganmcdaniel@example.com,BA,BA
PHSEIU21407,Nancy Banks,2001-11-09,yrice@example.com,PH,SE
IELSIU221899,Christina Flowers,2005-01-25,clivingston@example.org,IE,LS
ITNEIU21276,Andrea Taylor,2001-04-19,christina71@example.org,IT,NE
PHSEIU191419,Sandra Mckenzie,2003-04-21,kmann@example.org,PH,SE
ITNEIU201575,Katie Erickson,2005-02-15,matthew37@example.com,IT,NE
BABAIU221166,Corey Morgan,2002-01-14,ericadavis@example.org,BA,BA
BTARIU191751,Wesley Parker,2004-12-07,watsonjudy@example.org,BT,AR
PHSEIU221280,David Castillo,2002-03-25,debrahorton@example.com,PH,SE
CECMIU191462,Ashley Murphy,2003-08-25,valerie98@example.com,CE,CM
BABAIU21665,Desiree Green,2004-05-16,smithjesse@example.net,BA,BA
ITCEIU21418,Candace Roy,2001-08-11,yolandajones@example.org,IT,CE
BAIBIU211191,Sharon Miller,2002-10-11,austindominguez@example.com,BA,IB
BABAIU21214,Christine Ramos,2001-12-14,diazjuan@example.com,BA,BA
CECEIU221669,Amanda Carter,2004-08-24,michael51@example.com,CE,CE
EEACIU19642,Stephanie Brown,2002-07-31,brentdavis@example.com,EE,AC
CECEIU201266,Alyssa Ware,2001-06-27,kimjake@example.org,CE,CE
ENENIU19868,Ivan Hoover,2003-02-16,kristengray@example.org,EN,EN
CECMIU221502,Melissa Holt,2001-08-22,brownmegan@example.org,CE,CM
ITCSIU211263,Brandon May,2004-10-01,icollins@example.net,IT,CS
PHSEIU221630,Derrick Logan,2004-06-26,paul93@example.org,PH,SE
EEACIU221219,Jeffrey Dean,2003-08-11,juan89@example.com,EE,AC
ITCEIU19420,Brandy Thompson,2002-09-14,john98@example.net,IT,CE
EEACIU20966,Kari Thomas,2003-09-25,fordkristin@example.org,EE,AC
BAIBIU21796,Dustin Lee,2002-10-09,patrickrodriguez@example.org,BA,IB
ITCEIU221058,Kendra Henderson,2003-01-04,weisstaylor@example.com,IT,CE
EEACIU20870,Misty Nelson,2001-11-22,cassandraknox@example.org,EE,AC
EEEEIU201746,Karen Lewis,2002-12-06,joshuamccarthy@example.org,EE,EE
CECEIU201749,Christine Ford,2002-09-15,monica46@example.net,CE,CE
BTBTIU20382,Holly Rivera,2002-07-11,westmelody@example.org,BT,BT
IEIEIU211255,Toni Kelly,2002-12-21,diazdestiny@example.net,IE,IE
PHSEIU21161,William Rodgers,2004-01-03,sarah56@example.net,PH,SE
ENENIU221291,Vanessa Gregory,2004-07-31,ryan31@example.net,EN,EN
EEACIU20350,Michael Moore,2003-09-01,floresjulia@example.net,EE,AC
BTARIU201627,Tabitha Romero,2001-11-14,zwang@example.net,BT,AR
ENENIU221094,Blake Palmer,2004-02-02,webstermelissa@example.org,EN,EN
PHSEIU211971,Tammy Ali,2004-09-02,christopherlloyd@example.org,PH,SE
CECMIU22478,Richard Smith,2004-06-16,probinson@example.com,CE,CM
PHSEIU201784,Chelsey Bryant,2003-05-20,christopher40@example.org,PH,SE
ITCEIU211381,Monica King,2003-01-20,amanda94@example.com,IT,CE
ITCEIU22342,Robert Mcmahon,2001-05-21,heidicruz@example.net,IT,CE
CECMIU21466,Austin Mccullough,2004-06-30,david53@example.net,CE,CM
CECMIU19822,James Dunn,2003-05-01,lmiller@example.com,CE,CM
BTARIU20507,Anthony Gutierrez,2004-11-21,richard36@example.net,BT,AR
ITCSIU22503,Kimberly Marshall,2004-02-19,elizabethwoods@example.org,IT,CS
BTFTIU19826,Brandi Baker,2004-10-07,jordankathy@example.net,BT,FT
BTARIU19420,Julie Simon,2002-11-12,vgay@example.net,BT,AR
CECMIU191209,Annette Rodriguez,2005-01-11,youngpeter@example.net,CE,CM
BABAIU20592,Melissa Matthews,2002-05-03,bsmith@example.com,BA,BA
BTARIU201033,Jeremy Walters,2002-08-25,jeremy92@example.com,BT,AR
BAMKIU221527,Thomas Jackson,2004-09-05,ihebert@example.net,BA,MK
CECEIU191235,Adam Hubbard,2003-11-09,lauralong@example.org,CE,CE
ENENIU221342,David Nguyen,2001-05-16,chaneylynn@example.org,EN,EN
IELSIU21667,Nicholas Gutierrez,2003-05-29,lopezjessica@example.com,IE,LS
ENENIU19382,Joy Hernandez,2004-10-11,galvanmelissa@example.net,EN,EN
ITCSIU201654,John Fuentes,2002-07-20,wsmith@example.com,IT,CS
BABAIU201137,Hannah Clark,2002-11-06,ghenderson@example.org,BA,BA
IELSIU21800,Michelle Hernandez,2004-02-13,whernandez@example.net,IE,LS
IELSIU211443,Dorothy Gonzales,2003-06-24,ruizaustin@example.com,IE,LS
PHSEIU221642,Andrea Foster,2003-08-16,dawnfischer@example.net,PH,SE
ENENIU21580,Fernando Wolfe,2002-03-27,shannonbush@example.net,EN,EN
ENENIU21149,Anthony Stevens,2003-01-31,kellydamon@example.net,EN,EN
IEIEIU221700,Shaun Rogers,2002-08-20,tim59@example.com,IE,IE
BAHMIU221804,Garrett Nelson,2003-09-19,achavez@example.com,BA,HM
ENENIU191771,Frank Peterson,2002-05-24,dawn87@example.net,EN,EN
BTARIU221173,Courtney Smith,2004-05-13,peter67@example.org,BT,AR
ITCSIU201570,Susan Bradley,2005-01-14,tara60@example.net,IT,CS
IELSIU201644,April Shah,2002-12-19,kristina86@example.com,IE,LS
BAMKIU211873,Walter Mcmillan,2004-09-08,watsonshannon@example.net,BA,MK
BABAIU211588,Carolyn Bradford,2003-03-11,christopherowens@example.com,BA,BA
CECMIU21557,April Brown,2001-10-13,jessica03@example.com,CE,CM
ENENIU221524,Debbie Castillo,2003-08-23,sandra00@example.com,EN,EN
IELSIU191902,Lauren Rogers,2002-06-06,gbrewer@example.net,IE,LS
EEACIU191479,Christopher Stewart,2002-12-09,hpowell@example.net,EE,AC
ENENIU21965,Shawn Butler,2002-03-05,zhale@example.org,EN,EN
ENENIU201452,Juan Walker,2004-12-25,karafoster@example.com,EN,EN
IELSIU20534,Anthony Joseph,2001-10-21,brianlopez@example.net,IE,LS
BTBTIU20153,Christina Gonzalez,2004-08-17,robertsondawn@example.com,BT,BT
EEEEIU20164,Lawrence Thompson,2002-09-06,renee88@example.net,EE,EE
EEACIU201806,Jay Clayton,2004-05-02,helenthompson@example.com,EE,AC
IEIEIU20262,Dana Davis,2001-06-16,davisdonna@example.com,IE,IE
BTFTIU19100,Regina Edwards,2003-08-24,sabrina91@example.net,BT,FT
ENENIU201446,Amanda Sullivan,2004-02-29,hollowayalexander@example.com,EN,EN
ITDSIU21217,Shawn Murphy,2004-02-28,belljason@example.net,IT,DS
IELSIU22349,Anna Walker,2003-07-06,wjones@example.com,IE,LS
EEEEIU20469,Peter Anderson,2001-11-10,rachel96@example.com,EE,EE
ENENIU22708,Adrian Choi,2001-06-25,jonesjacqueline@example.org,EN,EN
ENENIU201980,Kristin Bautista,2003-02-05,christyreynolds@example.com,EN,EN
PHSEIU21766,Michael Baker,2003-07-04,eweeks@example.org,PH,SE
BAIBIU201291,Amy Craig,2004-05-14,awest@example.net,BA,IB
CECEIU21385,Natalie Wilson,2002-05-15,hilljulie@example.com,CE,CE
IEIEIU221204,Tina Rodriguez,2002-07-29,norma43@example.org,IE,IE
ITNEIU191887,Eric Hernandez,2002-12-26,meganbrown@example.org,IT,NE
PHSEIU221830,Sheryl Hoffman,2004-01-14,jenkinskristen@example.com,PH,SE
ENENIU201783,Virginia Lara,2001-07-29,zmunoz@example.com,EN,EN
CECMIU201288,Krystal Conway,2005-02-17,bobbyjohnson@example.com,CE,CM
IEIEIU20527,Susan Sullivan,2002-02-25,vsmith@example.com,IE,IE
ITCSIU201544,Leah Howard,2004-03-30,susan48@example.com,IT,CS
BTBTIU211548,Jeffrey Munoz,2004-10-29,nguyenphillip@example.com,BT,BT
PHSEIU20762,James Atkinson,2002-07-23,egarcia@example.org,PH,SE
BAHMIU211049,Richard Sherman,2003-04-21,jakejoseph@example.org,BA,HM
CECMIU20229,Bailey Miller,2001-09-01,jmccarthy@example.net,CE,CM
PHSEIU221738,Raymond Torres,2005-01-06,peterlynch@example.com,PH,SE
BTARIU22252,Lori Joseph,2001-10-22,kanedakota@example.net,BT,AR
CECEIU19990,Daniel Brown,2004-07-23,nelsoncesar@example.org,CE,CE
CECEIU211680,Juan Watson,2001-08-22,zpowell@example.org,CE,CE
EEEEIU201758,Todd Underwood,2003-06-23,wilsonkent@example.com,EE,EE
IELSIU221149,Wesley Jennings,2003-02-21,mary51@example.com,IE,LS
BAIBIU19478,Anna Hinton,2001-10-05,cristian55@example.net,BA,IB
IELSIU211472,David Salinas,2003-05-15,virginiaalvarado@example.net,IE,LS
